<?xml version="1.0" encoding="UTF-8"?>
<project-private xmlns="http://www.netbeans.org/ns/project-private/1">
    <editor-bookmarks xmlns="http://www.netbeans.org/ns/editor-bookmarks/2" lastBookmarkId="0"/>
    <open-files xmlns="http://www.netbeans.org/ns/projectui-open-files/2">
        <group>
            <file>file:/C:/Users/kicay/OneDrive/Documentos/NetBeansProjects/Figuras/src/edu/udls/figuras/modelo/Figura.java</file>
            <file>file:/C:/Users/kicay/OneDrive/Documentos/NetBeansProjects/Figuras/src/edu/udls/figuras/modelo/Rectangulo.java</file>
            <file>file:/C:/Users/kicay/OneDrive/Documentos/NetBeansProjects/Figuras/src/edu/udls/figuras/modelo/Poligono.java</file>
            <file>file:/C:/Users/kicay/OneDrive/Documentos/NetBeansProjects/Figuras/src/edu/udls/figuras/vista/Principal.java</file>
            <file>file:/C:/Users/kicay/OneDrive/Documentos/NetBeansProjects/Figuras/src/edu/udls/figuras/modelo/Circulo.java</file>
        </group>
    </open-files>
</project-private>
